{"cameraMode":{"drawMode":0,"name":"Shaded","section":"Shading Mode"},"sceneLighting":true,"audioPlay":false,"sceneViewState":{"showFog":true,"showMaterialUpdate":false,"showSkybox":true,"showFlares":true,"showImageEffects":true,"showParticleSystems":true,"showVisualEffectGraphs":true,"m_FxEnabled":false},"in2DMode":false,"pivot":{"x":-6.472225666046143,"y":1.7110662460327149,"z":-2.8686563968658449},"rotation":{"x":0.14151930809020997,"y":0.32319727540016177,"z":-0.048954855650663379,"w":0.9344285130500794},"size":0.386392742395401,"orthographic":false}