{"cameraMode":{"drawMode":0,"name":"Shaded","section":"Shading Mode"},"sceneLighting":true,"audioPlay":false,"sceneViewState":{"showFog":true,"showMaterialUpdate":false,"showSkybox":true,"showFlares":true,"showImageEffects":true,"showParticleSystems":true,"showVisualEffectGraphs":true,"m_FxEnabled":true},"in2DMode":false,"pivot":{"x":-0.7021279335021973,"y":-28.63545799255371,"z":67.20079803466797},"rotation":{"x":0.2259797304868698,"y":-0.035594888031482699,"z":0.008268933743238449,"w":0.9734520316123962},"size":39.224510192871097,"orthographic":false}